id,displayBadges,highlight,reason_cooling,reason_pressureRelief,reason_motionIsolation,reason_support,reason_plush,reason_medium,reason_firm,reason_durability,reason_default,topPickReason,differentiator1Title,differentiator1Detail,differentiator2Title,differentiator2Detail
g1,,,,,,,,,,,,,Contorno TEMPUR de adaptación lenta,Se ajusta de cerca al cuerpo en vez de empujar como una cama con más rebote.,Sensación de espuma que absorbe movimiento,Mantiene más silencioso el movimiento de la pareja que los diseños con resortes.
g2,,,,,,,,,,,,,Contorno TEMPUR con elevación de resortes,Combina alivio de presión lento arriba con movimiento más fácil gracias a la base híbrida.,Enfriamiento enfocado Breeze,Diseñado para sentirse más fresco que la espuma tradicional de contorno profundo.
g3,,,,,,,,,,,,,La sensación Breeze más firme,Una superficie estable de 7/10 ofrece menos hundimiento sin perder el contorno TEMPUR.,Máximo enfriamiento Breeze,La construcción enfocada en frescura es el principal avance dentro de la línea Breeze.
g4,,,,,,,,,,,,,Respuesta de resortes hecha a mano,Los resortes de precisión crean una sensación estructurada con más elevación que la espuma.,Enfoque firme y duradero,Diseñado para conservar una sensación estable en vez de un hundimiento profundo.
g5,,,,,,,,,,,,,Equilibrio de lujo suave y apoyado,Las capas de confort suavizan el primer contacto mientras los resortes mantienen el apoyo.,Construcción estilo reliquia,Espumas y resortes premium crean una sensación sustancial y una construcción duradera.
g6,,,,,,,,,,,,,Flotación de látex Talalay,Se siente elástico y responde al instante sin el hundimiento lento de la espuma viscoelástica.,Durabilidad de látex completo,Usa látex resistente en toda la estructura de confort y no solo como una capa delgada.
g7,,,,,,,,,,,,,Respuesta de rejilla GelFlex,La rejilla cede justo bajo los puntos de presión y mantiene apoyo alrededor.,Sensación flotante y abierta,Envuelve menos que la espuma y permite moverse con mayor facilidad.
g8,,,,,,,,,,,,,Centro premium de resortes embolsados,Los resortes individuales dan apoyo definido y limitan el movimiento a través de la cama.,Acolchado medio de lujo,Agrega una superficie más refinada sin perder la respuesta de los resortes.
g9,,,,,,,,,,,,,Firmeza independiente por lado,Cada persona puede ajustar su lado sin comprometerse con una sola sensación compartida.,Ajuste controlado por aplicación,La firmeza puede cambiar después de la compra cuando evolucionen las preferencias.
s1,,,,,,,,,,,,,Experiencia GelFlex original,La rejilla se dobla bajo los puntos de presión y recupera su forma al moverte.,Perfil Purple más sencillo,Ofrece la sensación flotante de la rejilla sin una construcción de lujo más gruesa.
s2,,,,,,,,,,,,,Rejilla firme sobre resortes,Combina la superficie flexible de Purple con el empuje más fuerte de una base híbrida.,Apoyo ventilado y sensible,La rejilla abierta y los resortes se sienten menos encerrados que una espuma firme y densa.
s3,,,,,,,,,,,,,Híbrido enfocado en enfriamiento,Su propósito principal es reducir el calor sin perder una sensación fácil para moverse.,Distribución de apoyo por zonas,Diferentes áreas amortiguan los puntos de presión y estabilizan el centro del cuerpo.
s4,,,,,,,,,,,,,Híbrido equilibrado para diario,No envuelve demasiado ni se siente muy firme; busca una sensación intermedia fácil.,Elevación de resortes accesible,Ofrece el movimiento de un híbrido sin subir a una construcción premium.
s5,,,,,,,,,,,,,Sensación híbrida Sealy familiar,Una superficie media sobre apoyo sensible se entiende rápidamente al probarla.,Simplicidad enfocada en apoyo,Prioriza alineación y movimiento confiables sobre tecnología inteligente o de rejilla.
s6,,,,,,,,,,,,,Perfil Posturepedic firme,Una superficie de 7/10 mantiene el cuerpo más encima del colchón que dentro de él.,Construcción híbrida estable,Combina capas firmes con resortes para una respuesta más estable que la espuma firme sola.
s7,,,,,,,,,,,,,Sensación firme de resortes Beautyrest,Ofrece un empuje fuerte con la respuesta familiar de resortes premium.,Control de movimiento embolsado,Los resortes individuales se mueven con más independencia que una unidad tradicional conectada.
s8,,,,,,,,,,,,,Suavidad hecha a mano en Wisconsin,Fabricado localmente con una superficie muy suave de 3/10 para quien quiere acolchado inmediato.,Mayor alivio en puntos de presión,Permite que hombros y caderas bajen más que en las opciones medias y firmes.
s9,,,,,,,,,,,,,Firmeza hecha a mano en Wisconsin,Fabricado localmente con una superficie estable de 7/10 y poco hundimiento inicial.,Apoyo enfocado en durabilidad,Destaca una construcción firme y directa sobre capas adicionales de suavidad.
s10,,,,,,,,,,,,,Híbrido fresco para parejas,Combina ventilación y control de movimiento para parejas que duermen con calor o se despiertan.,Equilibrio de espuma y resortes,Ofrece algo de contorno arriba y conserva el movimiento más fácil de un híbrido.
b1,,,,,,,,,,,,,Inicio sencillo de espuma,Ofrece contorno cercano y una superficie silenciosa sin el rebote de resortes.,Enfriamiento con buen valor,Agrega materiales para controlar el calor dentro del nivel más accesible.
b2,,,,,,,,,,,,,Elevación híbrida de entrada,Los resortes facilitan girarse y levantarse más que en el Classic de espuma.,Frescura a precio inicial,Combina una superficie más fresca con apoyo híbrido en el nivel de entrada.
b3,,,,,,,,,,,,,Contraste suave y firme,El acolchado suaviza la parte superior mientras la base híbrida de 6/10 mantiene empuje.,Sensación de valor más sustancial,Busca una impresión más sólida y terminada que un colchón inicial básico.
b4,,,,,,,,,,,,,Sensación Sealy suave de entrada,Una superficie de 3/10 da suavidad inmediata sin la complejidad del nivel premium.,Alivio de presión sencillo,Usa acolchado suave y directo para hombros y caderas a un precio accesible.
b5,,,,,,,,,,,,,Valor firme hecho en Wisconsin,Fabricado localmente con una sensación estable de 7/10 y una propuesta de apoyo directa.,Simplicidad para habitación de visitas,Prioriza firmeza confiable y precio sobre capas de enfriamiento o lujo.
b6,,,,,,,,,,,,,Primera impresión Euro Top,El acolchado cosido crea una superficie más suave sobre un centro de apoyo medio.,Respuesta tradicional de resortes,Se siente más familiar y elástico que un colchón de espuma de contorno lento.
b7,,,,,,,,,,,,,Confort híbrido mejorado,Agrega más acolchado y apoyo que el híbrido DreamCloud de entrada.,Respuesta intermedia,Mantiene una sensación media con elevación de resortes sin hundimiento profundo ni empuje firme.
